millis,stamp,datetime,motion
999, 1501843734, 2017/8/4 10:48:54, Active
1999, 1501843735, 2017/8/4 10:48:55, Active
2999, 1501843736, 2017/8/4 10:48:56, Active
3999, 1501843737, 2017/8/4 10:48:57, Active
4999, 1501843738, 2017/8/4 10:48:58, Active
5999, 1501843739, 2017/8/4 10:48:59, Inactive
7000, 1501843740, 2017/8/4 10:49:0, Inactive
7999, 1501843741, 2017/8/4 10:49:1, Active
8998, 1501843742, 2017/8/4 10:49:2, Active
9998, 1501843743, 2017/8/4 10:49:3, Active
10999, 1501843744, 2017/8/4 10:49:4, Active
11999, 1501843745, 2017/8/4 10:49:5, Active
12998, 1501843746, 2017/8/4 10:49:6, Active
14000, 1501843747, 2017/8/4 10:49:7, Active
14999, 1501843748, 2017/8/4 10:49:8, Active
15998, 1501843749, 2017/8/4 10:49:9, Active
16999, 1501843750, 2017/8/4 10:49:10, Active
17999, 1501843751, 2017/8/4 10:49:11, Active
18999, 1501843752, 2017/8/4 10:49:12, Active
19999, 1501843753, 2017/8/4 10:49:13, Active
21000, 1501843754, 2017/8/4 10:49:14, Active
21999, 1501843755, 2017/8/4 10:49:15, Active
22999, 1501843756, 2017/8/4 10:49:16, Active
23998, 1501843757, 2017/8/4 10:49:17, Active
24998, 1501843758, 2017/8/4 10:49:18, Active
25999, 1501843759, 2017/8/4 10:49:19, Active
26998, 1501843760, 2017/8/4 10:49:20, Active
27999, 1501843761, 2017/8/4 10:49:21, Active
28999, 1501843762, 2017/8/4 10:49:22, Active
29999, 1501843763, 2017/8/4 10:49:23, Active
30999, 1501843764, 2017/8/4 10:49:24, Active
32000, 1501843765, 2017/8/4 10:49:25, Active
32999, 1501843766, 2017/8/4 10:49:26, Active
33999, 1501843767, 2017/8/4 10:49:27, Active
34999, 1501843768, 2017/8/4 10:49:28, Active
35999, 1501843769, 2017/8/4 10:49:29, Active
36999, 1501843770, 2017/8/4 10:49:30, Active
37999, 1501843771, 2017/8/4 10:49:31, Active
39000, 1501843772, 2017/8/4 10:49:32, Active
39999, 1501843773, 2017/8/4 10:49:33, Active
40999, 1501843774, 2017/8/4 10:49:34, Active
41999, 1501843775, 2017/8/4 10:49:35, Active
42999, 1501843776, 2017/8/4 10:49:36, Active
44000, 1501843777, 2017/8/4 10:49:37, Active
44999, 1501843778, 2017/8/4 10:49:38, Active
45999, 1501843779, 2017/8/4 10:49:39, Active
46999, 1501843780, 2017/8/4 10:49:40, Active
48000, 1501843781, 2017/8/4 10:49:41, Active
48999, 1501843782, 2017/8/4 10:49:42, Active
49999, 1501843783, 2017/8/4 10:49:43, Active
50999, 1501843784, 2017/8/4 10:49:44, Active
51999, 1501843785, 2017/8/4 10:49:45, Active
52999, 1501843786, 2017/8/4 10:49:46, Active
53998, 1501843787, 2017/8/4 10:49:47, Active
55000, 1501843788, 2017/8/4 10:49:48, Active
55999, 1501843789, 2017/8/4 10:49:49, Active
56999, 1501843790, 2017/8/4 10:49:50, Active
57999, 1501843791, 2017/8/4 10:49:51, Inactive
58998, 1501843792, 2017/8/4 10:49:52, Inactive
59999, 1501843793, 2017/8/4 10:49:53, Inactive
60999, 1501843794, 2017/8/4 10:49:54, Inactive
62000, 1501843795, 2017/8/4 10:49:55, Inactive
62999, 1501843797, 2017/8/4 10:49:57, Inactive
63998, 1501843798, 2017/8/4 10:49:58, Inactive
64999, 1501843799, 2017/8/4 10:49:59, Inactive
65999, 1501843800, 2017/8/4 10:50:0, Inactive
66999, 1501843801, 2017/8/4 10:50:1, Inactive
67999, 1501843802, 2017/8/4 10:50:2, Inactive
69000, 1501843803, 2017/8/4 10:50:3, Inactive
69999, 1501843804, 2017/8/4 10:50:4, Inactive
71000, 1501843805, 2017/8/4 10:50:5, Inactive
71999, 1501843806, 2017/8/4 10:50:6, Inactive
72999, 1501843807, 2017/8/4 10:50:7, Active
73999, 1501843808, 2017/8/4 10:50:8, Active
74999, 1501843809, 2017/8/4 10:50:9, Active
75999, 1501843810, 2017/8/4 10:50:10, Active
76999, 1501843811, 2017/8/4 10:50:11, Active
78000, 1501843812, 2017/8/4 10:50:12, Active
78999, 1501843813, 2017/8/4 10:50:13, Active
79998, 1501843814, 2017/8/4 10:50:14, Active
80998, 1501843815, 2017/8/4 10:50:15, Active
81999, 1501843816, 2017/8/4 10:50:16, Inactive
82999, 1501843817, 2017/8/4 10:50:17, Inactive
83999, 1501843818, 2017/8/4 10:50:18, Inactive
84999, 1501843819, 2017/8/4 10:50:19, Inactive
85999, 1501843820, 2017/8/4 10:50:20, Inactive
87000, 1501843821, 2017/8/4 10:50:21, Inactive
87999, 1501843822, 2017/8/4 10:50:22, Inactive
88999, 1501843823, 2017/8/4 10:50:23, Inactive
89999, 1501843824, 2017/8/4 10:50:24, Inactive
90999, 1501843825, 2017/8/4 10:50:25, Inactive
91999, 1501843826, 2017/8/4 10:50:26, Inactive
92999, 1501843827, 2017/8/4 10:50:27, Inactive
93999, 1501843828, 2017/8/4 10:50:28, Inactive
94998, 1501843829, 2017/8/4 10:50:29, Inactive
96000, 1501843830, 2017/8/4 10:50:30, Inactive
96999, 1501843831, 2017/8/4 10:50:31, Inactive
97999, 1501843832, 2017/8/4 10:50:32, Inactive
98999, 1501843833, 2017/8/4 10:50:33, Inactive
99999, 1501843834, 2017/8/4 10:50:34, Inactive
101000, 1501843835, 2017/8/4 10:50:35, Active
101999, 1501843836, 2017/8/4 10:50:36, Active
103000, 1501843837, 2017/8/4 10:50:37, Active
103998, 1501843838, 2017/8/4 10:50:38, Active
104999, 1501843839, 2017/8/4 10:50:39, Active
105999, 1501843840, 2017/8/4 10:50:40, Active
106999, 1501843841, 2017/8/4 10:50:41, Active
107999, 1501843842, 2017/8/4 10:50:42, Active
108999, 1501843843, 2017/8/4 10:50:43, Active
109999, 1501843844, 2017/8/4 10:50:44, Active
110999, 1501843845, 2017/8/4 10:50:45, Active
112000, 1501843846, 2017/8/4 10:50:46, Active
112999, 1501843847, 2017/8/4 10:50:47, Active
113999, 1501843848, 2017/8/4 10:50:48, Active
114999, 1501843849, 2017/8/4 10:50:49, Active
115999, 1501843850, 2017/8/4 10:50:50, Active
116999, 1501843851, 2017/8/4 10:50:51, Active
117999, 1501843852, 2017/8/4 10:50:52, Inactive
119000, 1501843853, 2017/8/4 10:50:53, Inactive
119999, 1501843854, 2017/8/4 10:50:54, Inactive
120999, 1501843855, 2017/8/4 10:50:55, Inactive
121999, 1501843856, 2017/8/4 10:50:56, Inactive
122999, 1501843857, 2017/8/4 10:50:57, Inactive
123999, 1501843858, 2017/8/4 10:50:58, Inactive
124999, 1501843859, 2017/8/4 10:50:59, Inactive
125999, 1501843860, 2017/8/4 10:51:0, Inactive
126999, 1501843861, 2017/8/4 10:51:1, Inactive
128000, 1501843862, 2017/8/4 10:51:2, Inactive
128999, 1501843863, 2017/8/4 10:51:3, Inactive
129999, 1501843864, 2017/8/4 10:51:4, Inactive
130999, 1501843865, 2017/8/4 10:51:5, Inactive
131999, 1501843866, 2017/8/4 10:51:6, Inactive
133000, 1501843867, 2017/8/4 10:51:7, Inactive
133998, 1501843868, 2017/8/4 10:51:8, Inactive
135000, 1501843869, 2017/8/4 10:51:9, Inactive
135999, 1501843870, 2017/8/4 10:51:10, Inactive
136999, 1501843871, 2017/8/4 10:51:11, Inactive
137999, 1501843872, 2017/8/4 10:51:12, Inactive
138999, 1501843873, 2017/8/4 10:51:13, Inactive
139999, 1501843874, 2017/8/4 10:51:14, Inactive
140999, 1501843875, 2017/8/4 10:51:15, Inactive
142000, 1501843876, 2017/8/4 10:51:16, Inactive
142999, 1501843877, 2017/8/4 10:51:17, Inactive
143998, 1501843878, 2017/8/4 10:51:18, Inactive
144999, 1501843879, 2017/8/4 10:51:19, Inactive
145999, 1501843880, 2017/8/4 10:51:20, Inactive
146999, 1501843881, 2017/8/4 10:51:21, Inactive
147999, 1501843882, 2017/8/4 10:51:22, Inactive
148999, 1501843883, 2017/8/4 10:51:23, Inactive
149998, 1501843884, 2017/8/4 10:51:24, Inactive
151000, 1501843885, 2017/8/4 10:51:25, Inactive
151999, 1501843886, 2017/8/4 10:51:26, Inactive
152999, 1501843887, 2017/8/4 10:51:27, Inactive
153999, 1501843888, 2017/8/4 10:51:28, Inactive
154999, 1501843889, 2017/8/4 10:51:29, Inactive
155999, 1501843890, 2017/8/4 10:51:30, Inactive
156999, 1501843891, 2017/8/4 10:51:31, Inactive
158000, 1501843892, 2017/8/4 10:51:32, Inactive
158999, 1501843893, 2017/8/4 10:51:33, Inactive
160000, 1501843894, 2017/8/4 10:51:34, Inactive
160999, 1501843895, 2017/8/4 10:51:35, Inactive
161999, 1501843896, 2017/8/4 10:51:36, Inactive
162999, 1501843897, 2017/8/4 10:51:37, Inactive
163999, 1501843898, 2017/8/4 10:51:38, Inactive
164999, 1501843899, 2017/8/4 10:51:39, Inactive
165999, 1501843900, 2017/8/4 10:51:40, Inactive
167000, 1501843901, 2017/8/4 10:51:41, Inactive
167999, 1501843902, 2017/8/4 10:51:42, Inactive
168998, 1501843903, 2017/8/4 10:51:43, Inactive
169999, 1501843904, 2017/8/4 10:51:44, Inactive
170999, 1501843905, 2017/8/4 10:51:45, Inactive
171999, 1501843906, 2017/8/4 10:51:46, Inactive
172998, 1501843907, 2017/8/4 10:51:47, Inactive
173999, 1501843908, 2017/8/4 10:51:48, Inactive
174999, 1501843909, 2017/8/4 10:51:49, Inactive
176000, 1501843910, 2017/8/4 10:51:50, Inactive
176999, 1501843911, 2017/8/4 10:51:51, Inactive
177998, 1501843912, 2017/8/4 10:51:52, Inactive
178999, 1501843913, 2017/8/4 10:51:53, Inactive
179999, 1501843914, 2017/8/4 10:51:54, Inactive
180999, 1501843915, 2017/8/4 10:51:55, Inactive
181998, 1501843916, 2017/8/4 10:51:56, Inactive
183000, 1501843917, 2017/8/4 10:51:57, Inactive
183999, 1501843918, 2017/8/4 10:51:58, Inactive
184999, 1501843919, 2017/8/4 10:51:59, Inactive
185999, 1501843920, 2017/8/4 10:52:0, Inactive
186998, 1501843921, 2017/8/4 10:52:1, Inactive
187999, 1501843922, 2017/8/4 10:52:2, Inactive
188999, 1501843923, 2017/8/4 10:52:3, Inactive
189999, 1501843924, 2017/8/4 10:52:4, Inactive
190998, 1501843925, 2017/8/4 10:52:5, Inactive
192000, 1501843926, 2017/8/4 10:52:6, Inactive
192999, 1501843927, 2017/8/4 10:52:7, Inactive
193998, 1501843928, 2017/8/4 10:52:8, Inactive
194999, 1501843929, 2017/8/4 10:52:9, Inactive
195998, 1501843930, 2017/8/4 10:52:10, Inactive
196999, 1501843931, 2017/8/4 10:52:11, Inactive
197999, 1501843932, 2017/8/4 10:52:12, Inactive
199000, 1501843933, 2017/8/4 10:52:13, Inactive
199999, 1501843934, 2017/8/4 10:52:14, Inactive
200999, 1501843935, 2017/8/4 10:52:15, Inactive
201998, 1501843936, 2017/8/4 10:52:16, Inactive
202999, 1501843937, 2017/8/4 10:52:17, Inactive
203999, 1501843938, 2017/8/4 10:52:18, Inactive
204999, 1501843939, 2017/8/4 10:52:19, Inactive
205999, 1501843940, 2017/8/4 10:52:20, Inactive
206999, 1501843941, 2017/8/4 10:52:21, Inactive
208000, 1501843942, 2017/8/4 10:52:22, Inactive
208999, 1501843943, 2017/8/4 10:52:23, Inactive
209998, 1501843944, 2017/8/4 10:52:24, Inactive
210999, 1501843945, 2017/8/4 10:52:25, Inactive
211999, 1501843946, 2017/8/4 10:52:26, Inactive
212999, 1501843947, 2017/8/4 10:52:27, Inactive
213998, 1501843948, 2017/8/4 10:52:28, Inactive
215000, 1501843949, 2017/8/4 10:52:29, Inactive
215999, 1501843950, 2017/8/4 10:52:30, Inactive
216999, 1501843951, 2017/8/4 10:52:31, Inactive
217999, 1501843952, 2017/8/4 10:52:32, Inactive
218999, 1501843953, 2017/8/4 10:52:33, Inactive
219999, 1501843954, 2017/8/4 10:52:34, Inactive
220999, 1501843955, 2017/8/4 10:52:35, Inactive
222000, 1501843956, 2017/8/4 10:52:36, Inactive
222999, 1501843957, 2017/8/4 10:52:37, Inactive
224000, 1501843958, 2017/8/4 10:52:38, Inactive
224999, 1501843959, 2017/8/4 10:52:39, Inactive
225999, 1501843960, 2017/8/4 10:52:40, Inactive
226999, 1501843961, 2017/8/4 10:52:41, Inactive
227999, 1501843962, 2017/8/4 10:52:42, Inactive
228999, 1501843963, 2017/8/4 10:52:43, Inactive
229999, 1501843964, 2017/8/4 10:52:44, Inactive
231000, 1501843965, 2017/8/4 10:52:45, Active
231998, 1501843966, 2017/8/4 10:52:46, Active
232999, 1501843967, 2017/8/4 10:52:47, Active
233999, 1501843968, 2017/8/4 10:52:48, Active
234999, 1501843969, 2017/8/4 10:52:49, Active
235999, 1501843970, 2017/8/4 10:52:50, Active
236999, 1501843971, 2017/8/4 10:52:51, Active
237999, 1501843972, 2017/8/4 10:52:52, Active
238999, 1501843973, 2017/8/4 10:52:53, Inactive
240000, 1501843974, 2017/8/4 10:52:54, Inactive
240999, 1501843975, 2017/8/4 10:52:55, Inactive
241998, 1501843976, 2017/8/4 10:52:56, Inactive
242999, 1501843977, 2017/8/4 10:52:57, Inactive
243999, 1501843978, 2017/8/4 10:52:58, Inactive
244999, 1501843979, 2017/8/4 10:52:59, Inactive
245998, 1501843980, 2017/8/4 10:53:0, Inactive
247000, 1501843981, 2017/8/4 10:53:1, Inactive
247999, 1501843982, 2017/8/4 10:53:2, Inactive
248999, 1501843983, 2017/8/4 10:53:3, Inactive
249999, 1501843984, 2017/8/4 10:53:4, Inactive
250999, 1501843985, 2017/8/4 10:53:5, Inactive
251999, 1501843986, 2017/8/4 10:53:6, Inactive
252999, 1501843987, 2017/8/4 10:53:7, Inactive
253999, 1501843988, 2017/8/4 10:53:8, Inactive
254999, 1501843989, 2017/8/4 10:53:9, Inactive
255998, 1501843990, 2017/8/4 10:53:10, Active
256999, 1501843991, 2017/8/4 10:53:11, Active
257999, 1501843992, 2017/8/4 10:53:12, Active
258999, 1501843993, 2017/8/4 10:53:13, Active
259999, 1501843994, 2017/8/4 10:53:14, Active
260999, 1501843995, 2017/8/4 10:53:15, Active
261999, 1501843996, 2017/8/4 10:53:16, Active
263000, 1501843997, 2017/8/4 10:53:17, Active
263999, 1501843998, 2017/8/4 10:53:18, Inactive
264999, 1501843999, 2017/8/4 10:53:19, Inactive
265999, 1501844000, 2017/8/4 10:53:20, Inactive
266999, 1501844001, 2017/8/4 10:53:21, Inactive
267999, 1501844002, 2017/8/4 10:53:22, Inactive
268999, 1501844003, 2017/8/4 10:53:23, Inactive
270000, 1501844004, 2017/8/4 10:53:24, Inactive
270999, 1501844005, 2017/8/4 10:53:25, Inactive
272000, 1501844006, 2017/8/4 10:53:26, Active
272999, 1501844007, 2017/8/4 10:53:27, Active
273999, 1501844008, 2017/8/4 10:53:28, Active
274999, 1501844009, 2017/8/4 10:53:29, Active
275999, 1501844010, 2017/8/4 10:53:30, Active
276999, 1501844011, 2017/8/4 10:53:31, Active
277999, 1501844012, 2017/8/4 10:53:32, Active
279000, 1501844013, 2017/8/4 10:53:33, Active
279999, 1501844014, 2017/8/4 10:53:34, Inactive
280998, 1501844015, 2017/8/4 10:53:35, Inactive
281999, 1501844016, 2017/8/4 10:53:36, Inactive
282999, 1501844017, 2017/8/4 10:53:37, Inactive
283999, 1501844018, 2017/8/4 10:53:38, Inactive
284999, 1501844019, 2017/8/4 10:53:39, Inactive
286000, 1501844020, 2017/8/4 10:53:40, Inactive
286999, 1501844021, 2017/8/4 10:53:41, Inactive
288000, 1501844022, 2017/8/4 10:53:42, Inactive
288999, 1501844023, 2017/8/4 10:53:43, Inactive
289999, 1501844024, 2017/8/4 10:53:44, Inactive
290999, 1501844025, 2017/8/4 10:53:45, Inactive
291999, 1501844026, 2017/8/4 10:53:46, Inactive
292999, 1501844027, 2017/8/4 10:53:47, Inactive
293999, 1501844028, 2017/8/4 10:53:48, Inactive
295000, 1501844029, 2017/8/4 10:53:49, Inactive
295999, 1501844030, 2017/8/4 10:53:50, Inactive
296999, 1501844031, 2017/8/4 10:53:51, Inactive
297999, 1501844032, 2017/8/4 10:53:52, Inactive
298998, 1501844033, 2017/8/4 10:53:53, Inactive
299999, 1501844034, 2017/8/4 10:53:54, Inactive
300999, 1501844035, 2017/8/4 10:53:55, Inactive
302000, 1501844036, 2017/8/4 10:53:56, Inactive
302999, 1501844037, 2017/8/4 10:53:57, Inactive
304000, 1501844038, 2017/8/4 10:53:58, Active
304999, 1501844039, 2017/8/4 10:53:59, Active
305999, 1501844040, 2017/8/4 10:54:0, Active
306999, 1501844041, 2017/8/4 10:54:1, Active
307999, 1501844042, 2017/8/4 10:54:2, Active
309000, 1501844043, 2017/8/4 10:54:3, Active
309998, 1501844044, 2017/8/4 10:54:4, Active
311000, 1501844045, 2017/8/4 10:54:5, Active
311999, 1501844046, 2017/8/4 10:54:6, Active
312999, 1501844047, 2017/8/4 10:54:7, Active
313999, 1501844048, 2017/8/4 10:54:8, Inactive
314999, 1501844049, 2017/8/4 10:54:9, Inactive
316000, 1501844050, 2017/8/4 10:54:10, Inactive
316999, 1501844051, 2017/8/4 10:54:11, Inactive
317999, 1501844052, 2017/8/4 10:54:12, Inactive
318999, 1501844053, 2017/8/4 10:54:13, Inactive
320000, 1501844054, 2017/8/4 10:54:14, Inactive
320998, 1501844055, 2017/8/4 10:54:15, Inactive
321999, 1501844056, 2017/8/4 10:54:16, Inactive
322999, 1501844057, 2017/8/4 10:54:17, Inactive
323999, 1501844058, 2017/8/4 10:54:18, Inactive
324998, 1501844059, 2017/8/4 10:54:19, Inactive
325999, 1501844060, 2017/8/4 10:54:20, Inactive
327000, 1501844061, 2017/8/4 10:54:21, Inactive
327999, 1501844062, 2017/8/4 10:54:22, Inactive
328999, 1501844063, 2017/8/4 10:54:23, Inactive
329999, 1501844064, 2017/8/4 10:54:24, Inactive
330999, 1501844065, 2017/8/4 10:54:25, Inactive
331999, 1501844066, 2017/8/4 10:54:26, Inactive
332999, 1501844067, 2017/8/4 10:54:27, Inactive
334000, 1501844068, 2017/8/4 10:54:28, Inactive
334999, 1501844069, 2017/8/4 10:54:29, Inactive
336000, 1501844070, 2017/8/4 10:54:30, Inactive
336999, 1501844071, 2017/8/4 10:54:31, Inactive
337999, 1501844072, 2017/8/4 10:54:32, Inactive
338999, 1501844073, 2017/8/4 10:54:33, Inactive
339999, 1501844074, 2017/8/4 10:54:34, Inactive
340999, 1501844075, 2017/8/4 10:54:35, Inactive
341999, 1501844076, 2017/8/4 10:54:36, Inactive
343000, 1501844077, 2017/8/4 10:54:37, Inactive
343999, 1501844078, 2017/8/4 10:54:38, Inactive
344999, 1501844079, 2017/8/4 10:54:39, Inactive
345999, 1501844080, 2017/8/4 10:54:40, Inactive
346999, 1501844081, 2017/8/4 10:54:41, Inactive
347999, 1501844082, 2017/8/4 10:54:42, Inactive
348999, 1501844083, 2017/8/4 10:54:43, Inactive
350000, 1501844084, 2017/8/4 10:54:44, Inactive
350999, 1501844085, 2017/8/4 10:54:45, Inactive
352000, 1501844086, 2017/8/4 10:54:46, Active
352999, 1501844087, 2017/8/4 10:54:47, Active
353999, 1501844088, 2017/8/4 10:54:48, Active
354998, 1501844089, 2017/8/4 10:54:49, Active
355999, 1501844090, 2017/8/4 10:54:50, Active
356999, 1501844091, 2017/8/4 10:54:51, Active
357999, 1501844092, 2017/8/4 10:54:52, Active
358999, 1501844093, 2017/8/4 10:54:53, Active
359999, 1501844094, 2017/8/4 10:54:54, Active
360999, 1501844095, 2017/8/4 10:54:55, Active
361999, 1501844096, 2017/8/4 10:54:56, Active
362999, 1501844097, 2017/8/4 10:54:57, Active
363999, 1501844098, 2017/8/4 10:54:58, Active
364999, 1501844099, 2017/8/4 10:54:59, Active
366000, 1501844100, 2017/8/4 10:55:0, Active
366999, 1501844101, 2017/8/4 10:55:1, Active
368000, 1501844102, 2017/8/4 10:55:2, Inactive
368999, 1501844103, 2017/8/4 10:55:3, Inactive
369999, 1501844104, 2017/8/4 10:55:4, Inactive
370999, 1501844105, 2017/8/4 10:55:5, Active
371999, 1501844106, 2017/8/4 10:55:6, Active
373000, 1501844107, 2017/8/4 10:55:7, Active
373999, 1501844108, 2017/8/4 10:55:8, Active
375000, 1501844109, 2017/8/4 10:55:9, Active
375999, 1501844110, 2017/8/4 10:55:10, Active
376999, 1501844111, 2017/8/4 10:55:11, Active
377999, 1501844112, 2017/8/4 10:55:12, Active
378999, 1501844113, 2017/8/4 10:55:13, Active
380000, 1501844114, 2017/8/4 10:55:14, Active
380998, 1501844115, 2017/8/4 10:55:15, Active
381999, 1501844116, 2017/8/4 10:55:16, Active
382999, 1501844117, 2017/8/4 10:55:17, Active
384000, 1501844118, 2017/8/4 10:55:18, Active
384999, 1501844119, 2017/8/4 10:55:19, Active
385999, 1501844120, 2017/8/4 10:55:20, Inactive
386999, 1501844121, 2017/8/4 10:55:21, Inactive
387999, 1501844122, 2017/8/4 10:55:22, Inactive
388999, 1501844123, 2017/8/4 10:55:23, Inactive
389999, 1501844124, 2017/8/4 10:55:24, Inactive
390999, 1501844125, 2017/8/4 10:55:25, Inactive
391999, 1501844126, 2017/8/4 10:55:26, Inactive
392999, 1501844127, 2017/8/4 10:55:27, Inactive
393999, 1501844128, 2017/8/4 10:55:28, Inactive
394998, 1501844129, 2017/8/4 10:55:29, Inactive
395999, 1501844130, 2017/8/4 10:55:30, Inactive
396999, 1501844131, 2017/8/4 10:55:31, Inactive
398000, 1501844132, 2017/8/4 10:55:32, Inactive
398999, 1501844133, 2017/8/4 10:55:33, Inactive
400000, 1501844134, 2017/8/4 10:55:34, Inactive
400999, 1501844135, 2017/8/4 10:55:35, Inactive
401999, 1501844136, 2017/8/4 10:55:36, Active
402999, 1501844137, 2017/8/4 10:55:37, Active
403999, 1501844138, 2017/8/4 10:55:38, Active
404999, 1501844139, 2017/8/4 10:55:39, Active
405999, 1501844140, 2017/8/4 10:55:40, Active
407000, 1501844141, 2017/8/4 10:55:41, Active
407999, 1501844142, 2017/8/4 10:55:42, Active
408998, 1501844143, 2017/8/4 10:55:43, Active
409999, 1501844144, 2017/8/4 10:55:44, Active
410999, 1501844145, 2017/8/4 10:55:45, Active
411999, 1501844146, 2017/8/4 10:55:46, Active
412999, 1501844147, 2017/8/4 10:55:47, Active
414000, 1501844148, 2017/8/4 10:55:48, Active
414999, 1501844149, 2017/8/4 10:55:49, Active
416000, 1501844150, 2017/8/4 10:55:50, Active
416999, 1501844151, 2017/8/4 10:55:51, Active
417999, 1501844152, 2017/8/4 10:55:52, Inactive
418999, 1501844153, 2017/8/4 10:55:53, Inactive
419999, 1501844154, 2017/8/4 10:55:54, Inactive
420999, 1501844155, 2017/8/4 10:55:55, Inactive
421999, 1501844156, 2017/8/4 10:55:56, Inactive
422999, 1501844157, 2017/8/4 10:55:57, Inactive
423999, 1501844158, 2017/8/4 10:55:58, Inactive
424999, 1501844159, 2017/8/4 10:55:59, Inactive
425999, 1501844160, 2017/8/4 10:56:0, Inactive
426998, 1501844161, 2017/8/4 10:56:1, Inactive
427999, 1501844162, 2017/8/4 10:56:2, Inactive
428999, 1501844163, 2017/8/4 10:56:3, Inactive
429999, 1501844164, 2017/8/4 10:56:4, Inactive
430999, 1501844165, 2017/8/4 10:56:5, Inactive
432000, 1501844166, 2017/8/4 10:56:6, Active
432999, 1501844167, 2017/8/4 10:56:7, Active
433999, 1501844168, 2017/8/4 10:56:8, Active
434999, 1501844169, 2017/8/4 10:56:9, Active
435999, 1501844170, 2017/8/4 10:56:10, Active
436999, 1501844171, 2017/8/4 10:56:11, Active
437999, 1501844172, 2017/8/4 10:56:12, Active
439000, 1501844173, 2017/8/4 10:56:13, Active
439999, 1501844174, 2017/8/4 10:56:14, Active
440999, 1501844175, 2017/8/4 10:56:15, Active
441998, 1501844176, 2017/8/4 10:56:16, Active
442999, 1501844177, 2017/8/4 10:56:17, Active
443999, 1501844178, 2017/8/4 10:56:18, Active
444999, 1501844179, 2017/8/4 10:56:19, Inactive
445999, 1501844180, 2017/8/4 10:56:20, Inactive
446999, 1501844181, 2017/8/4 10:56:21, Inactive
448000, 1501844182, 2017/8/4 10:56:22, Inactive
448999, 1501844183, 2017/8/4 10:56:23, Inactive
449999, 1501844184, 2017/8/4 10:56:24, Inactive
450999, 1501844185, 2017/8/4 10:56:25, Inactive
451999, 1501844186, 2017/8/4 10:56:26, Inactive
452999, 1501844187, 2017/8/4 10:56:27, Inactive
453999, 1501844188, 2017/8/4 10:56:28, Inactive
454999, 1501844189, 2017/8/4 10:56:29, Inactive
455999, 1501844190, 2017/8/4 10:56:30, Inactive
456999, 1501844191, 2017/8/4 10:56:31, Inactive
457999, 1501844192, 2017/8/4 10:56:32, Inactive
458998, 1501844193, 2017/8/4 10:56:33, Inactive
459999, 1501844194, 2017/8/4 10:56:34, Inactive
460999, 1501844195, 2017/8/4 10:56:35, Inactive
462000, 1501844196, 2017/8/4 10:56:36, Inactive
462999, 1501844197, 2017/8/4 10:56:37, Inactive
464000, 1501844198, 2017/8/4 10:56:38, Inactive
464999, 1501844199, 2017/8/4 10:56:39, Active
465999, 1501844200, 2017/8/4 10:56:40, Active
466999, 1501844201, 2017/8/4 10:56:41, Active
467999, 1501844202, 2017/8/4 10:56:42, Active
468999, 1501844203, 2017/8/4 10:56:43, Active
469999, 1501844204, 2017/8/4 10:56:44, Active
471000, 1501844205, 2017/8/4 10:56:45, Active
471999, 1501844206, 2017/8/4 10:56:46, Active
472999, 1501844207, 2017/8/4 10:56:47, Active
473999, 1501844208, 2017/8/4 10:56:48, Active
474999, 1501844209, 2017/8/4 10:56:49, Active
476000, 1501844210, 2017/8/4 10:56:50, Active
476999, 1501844211, 2017/8/4 10:56:51, Active
477999, 1501844212, 2017/8/4 10:56:52, Inactive
478999, 1501844213, 2017/8/4 10:56:53, Inactive
480000, 1501844214, 2017/8/4 10:56:54, Inactive
480999, 1501844215, 2017/8/4 10:56:55, Active
481999, 1501844216, 2017/8/4 10:56:56, Active
483000, 1501844217, 2017/8/4 10:56:57, Active
483999, 1501844218, 2017/8/4 10:56:58, Active
484999, 1501844219, 2017/8/4 10:56:59, Active
485999, 1501844220, 2017/8/4 10:57:0, Active
486999, 1501844221, 2017/8/4 10:57:1, Active
487999, 1501844222, 2017/8/4 10:57:2, Active
488999, 1501844223, 2017/8/4 10:57:3, Active
489999, 1501844224, 2017/8/4 10:57:4, Active
490999, 1501844225, 2017/8/4 10:57:5, Active
491999, 1501844226, 2017/8/4 10:57:6, Active
492999, 1501844227, 2017/8/4 10:57:7, Active
493999, 1501844228, 2017/8/4 10:57:8, Active
494999, 1501844229, 2017/8/4 10:57:9, Active
496000, 1501844230, 2017/8/4 10:57:10, Active
496999, 1501844231, 2017/8/4 10:57:11, Active
497999, 1501844232, 2017/8/4 10:57:12, Active
498998, 1501844233, 2017/8/4 10:57:13, Active
499999, 1501844234, 2017/8/4 10:57:14, Active
500999, 1501844235, 2017/8/4 10:57:15, Active
501999, 1501844236, 2017/8/4 10:57:16, Active
502999, 1501844237, 2017/8/4 10:57:17, Active
503999, 1501844238, 2017/8/4 10:57:18, Active
504999, 1501844239, 2017/8/4 10:57:19, Active
505999, 1501844240, 2017/8/4 10:57:20, Active
506999, 1501844241, 2017/8/4 10:57:21, Active
507999, 1501844242, 2017/8/4 10:57:22, Active
508998, 1501844243, 2017/8/4 10:57:23, Active
510000, 1501844244, 2017/8/4 10:57:24, Active
510999, 1501844245, 2017/8/4 10:57:25, Active
512000, 1501844246, 2017/8/4 10:57:26, Active
512999, 1501844247, 2017/8/4 10:57:27, Active
513999, 1501844248, 2017/8/4 10:57:28, Active
514999, 1501844249, 2017/8/4 10:57:29, Active
515999, 1501844250, 2017/8/4 10:57:30, Active
516999, 1501844251, 2017/8/4 10:57:31, Active
517999, 1501844252, 2017/8/4 10:57:32, Active
519000, 1501844253, 2017/8/4 10:57:33, Active
519999, 1501844254, 2017/8/4 10:57:34, Active
520998, 1501844255, 2017/8/4 10:57:35, Active
521999, 1501844256, 2017/8/4 10:57:36, Active
522999, 1501844257, 2017/8/4 10:57:37, Active
523999, 1501844258, 2017/8/4 10:57:38, Active
524999, 1501844259, 2017/8/4 10:57:39, Active
526000, 1501844260, 2017/8/4 10:57:40, Active
526999, 1501844261, 2017/8/4 10:57:41, Active
528000, 1501844262, 2017/8/4 10:57:42, Active
528999, 1501844263, 2017/8/4 10:57:43, Active
529998, 1501844264, 2017/8/4 10:57:44, Active
530999, 1501844265, 2017/8/4 10:57:45, Active
531999, 1501844266, 2017/8/4 10:57:46, Active
532999, 1501844267, 2017/8/4 10:57:47, Active
533998, 1501844268, 2017/8/4 10:57:48, Active
535000, 1501844269, 2017/8/4 10:57:49, Active
535999, 1501844270, 2017/8/4 10:57:50, Inactive
536999, 1501844271, 2017/8/4 10:57:51, Inactive
537999, 1501844272, 2017/8/4 10:57:52, Inactive
538998, 1501844273, 2017/8/4 10:57:53, Inactive
539999, 1501844274, 2017/8/4 10:57:54, Inactive
540999, 1501844275, 2017/8/4 10:57:55, Inactive
542000, 1501844276, 2017/8/4 10:57:56, Inactive
542998, 1501844277, 2017/8/4 10:57:57, Inactive
544000, 1501844278, 2017/8/4 10:57:58, Inactive
544999, 1501844279, 2017/8/4 10:57:59, Inactive
545999, 1501844280, 2017/8/4 10:58:0, Inactive
546999, 1501844281, 2017/8/4 10:58:1, Active
547999, 1501844282, 2017/8/4 10:58:2, Active
549000, 1501844283, 2017/8/4 10:58:3, Active
549999, 1501844284, 2017/8/4 10:58:4, Active
551000, 1501844285, 2017/8/4 10:58:5, Active
551999, 1501844286, 2017/8/4 10:58:6, Active
552999, 1501844287, 2017/8/4 10:58:7, Active
553999, 1501844288, 2017/8/4 10:58:8, Active
554999, 1501844289, 2017/8/4 10:58:9, Active
555999, 1501844290, 2017/8/4 10:58:10, Active
556999, 1501844291, 2017/8/4 10:58:11, Active
557999, 1501844292, 2017/8/4 10:58:12, Active
558999, 1501844293, 2017/8/4 10:58:13, Active
560000, 1501844294, 2017/8/4 10:58:14, Active
560999, 1501844295, 2017/8/4 10:58:15, Active
561999, 1501844296, 2017/8/4 10:58:16, Active
562999, 1501844297, 2017/8/4 10:58:17, Active
563999, 1501844298, 2017/8/4 10:58:18, Inactive
564999, 1501844299, 2017/8/4 10:58:19, Inactive
565999, 1501844300, 2017/8/4 10:58:20, Active
567000, 1501844301, 2017/8/4 10:58:21, Active
567999, 1501844302, 2017/8/4 10:58:22, Active
568999, 1501844303, 2017/8/4 10:58:23, Active
569999, 1501844304, 2017/8/4 10:58:24, Active
570999, 1501844305, 2017/8/4 10:58:25, Active
571999, 1501844306, 2017/8/4 10:58:26, Active
572999, 1501844307, 2017/8/4 10:58:27, Active
574000, 1501844308, 2017/8/4 10:58:28, Active
574999, 1501844309, 2017/8/4 10:58:29, Active
576000, 1501844310, 2017/8/4 10:58:30, Active
576999, 1501844311, 2017/8/4 10:58:31, Active
577999, 1501844312, 2017/8/4 10:58:32, Active
578999, 1501844313, 2017/8/4 10:58:33, Active
579999, 1501844314, 2017/8/4 10:58:34, Active
580999, 1501844315, 2017/8/4 10:58:35, Active
581999, 1501844316, 2017/8/4 10:58:36, Active
583000, 1501844317, 2017/8/4 10:58:37, Active
583999, 1501844318, 2017/8/4 10:58:38, Active
584998, 1501844319, 2017/8/4 10:58:39, Active
585999, 1501844320, 2017/8/4 10:58:40, Active
586999, 1501844321, 2017/8/4 10:58:41, Active
587999, 1501844322, 2017/8/4 10:58:42, Active
588998, 1501844323, 2017/8/4 10:58:43, Active
590000, 1501844324, 2017/8/4 10:58:44, Active
590999, 1501844325, 2017/8/4 10:58:45, Active
592000, 1501844326, 2017/8/4 10:58:46, Active
592999, 1501844327, 2017/8/4 10:58:47, Active
593999, 1501844328, 2017/8/4 10:58:48, Active
594999, 1501844329, 2017/8/4 10:58:49, Active
595999, 1501844330, 2017/8/4 10:58:50, Active
597000, 1501844331, 2017/8/4 10:58:51, Active
598000, 1501844332, 2017/8/4 10:58:52, Active
599000, 1501844333, 2017/8/4 10:58:53, Active
599999, 1501844334, 2017/8/4 10:58:54, Active
600999, 1501844335, 2017/8/4 10:58:55, Active
601999, 1501844336, 2017/8/4 10:58:56, Active
602999, 1501844337, 2017/8/4 10:58:57, Active
603999, 1501844338, 2017/8/4 10:58:58, Active
604999, 1501844339, 2017/8/4 10:58:59, Active
605999, 1501844340, 2017/8/4 10:59:0, Active
606999, 1501844341, 2017/8/4 10:59:1, Active
608000, 1501844342, 2017/8/4 10:59:2, Active
608999, 1501844343, 2017/8/4 10:59:3, Active
609999, 1501844344, 2017/8/4 10:59:4, Active
610999, 1501844345, 2017/8/4 10:59:5, Inactive
611999, 1501844346, 2017/8/4 10:59:6, Inactive
612999, 1501844347, 2017/8/4 10:59:7, Inactive
613999, 1501844348, 2017/8/4 10:59:8, Inactive
615000, 1501844349, 2017/8/4 10:59:9, Inactive
615999, 1501844350, 2017/8/4 10:59:10, Inactive
616999, 1501844351, 2017/8/4 10:59:11, Inactive
617999, 1501844352, 2017/8/4 10:59:12, Inactive
618999, 1501844353, 2017/8/4 10:59:13, Inactive
619998, 1501844354, 2017/8/4 10:59:14, Inactive
620999, 1501844355, 2017/8/4 10:59:15, Inactive
621999, 1501844356, 2017/8/4 10:59:16, Inactive
622999, 1501844357, 2017/8/4 10:59:17, Inactive
624000, 1501844358, 2017/8/4 10:59:18, Inactive
624999, 1501844359, 2017/8/4 10:59:19, Inactive
625999, 1501844360, 2017/8/4 10:59:20, Inactive
626999, 1501844361, 2017/8/4 10:59:21, Inactive
627999, 1501844362, 2017/8/4 10:59:22, Inactive
628999, 1501844363, 2017/8/4 10:59:23, Inactive
629999, 1501844364, 2017/8/4 10:59:24, Inactive
631000, 1501844365, 2017/8/4 10:59:25, Inactive
631999, 1501844366, 2017/8/4 10:59:26, Inactive
632999, 1501844367, 2017/8/4 10:59:27, Inactive
633999, 1501844368, 2017/8/4 10:59:28, Inactive
634998, 1501844369, 2017/8/4 10:59:29, Inactive
635999, 1501844370, 2017/8/4 10:59:30, Inactive
636999, 1501844371, 2017/8/4 10:59:31, Inactive
637999, 1501844372, 2017/8/4 10:59:32, Inactive
638998, 1501844373, 2017/8/4 10:59:33, Inactive
640000, 1501844374, 2017/8/4 10:59:34, Inactive
640999, 1501844375, 2017/8/4 10:59:35, Inactive
641999, 1501844376, 2017/8/4 10:59:36, Inactive
642999, 1501844377, 2017/8/4 10:59:37, Inactive
643999, 1501844378, 2017/8/4 10:59:38, Inactive
644999, 1501844379, 2017/8/4 10:59:39, Inactive
645999, 1501844380, 2017/8/4 10:59:40, Inactive
647000, 1501844381, 2017/8/4 10:59:41, Inactive
647999, 1501844382, 2017/8/4 10:59:42, Inactive
648999, 1501844383, 2017/8/4 10:59:43, Inactive
649998, 1501844384, 2017/8/4 10:59:44, Inactive
650999, 1501844385, 2017/8/4 10:59:45, Inactive
651999, 1501844386, 2017/8/4 10:59:46, Inactive
652999, 1501844387, 2017/8/4 10:59:47, Inactive
653999, 1501844388, 2017/8/4 10:59:48, Active
654999, 1501844389, 2017/8/4 10:59:49, Active
656000, 1501844390, 2017/8/4 10:59:50, Active
656999, 1501844391, 2017/8/4 10:59:51, Active
657999, 1501844392, 2017/8/4 10:59:52, Active
658999, 1501844393, 2017/8/4 10:59:53, Active
659999, 1501844394, 2017/8/4 10:59:54, Active
661000, 1501844395, 2017/8/4 10:59:55, Active
661999, 1501844396, 2017/8/4 10:59:56, Active
663000, 1501844397, 2017/8/4 10:59:57, Inactive
663999, 1501844398, 2017/8/4 10:59:58, Inactive
664998, 1501844399, 2017/8/4 10:59:59, Active
